gemeente.naam,gemeente.afkorting,gemeente.provincie,gemeente.contact.telefoon,gemeente.contact.emailadres,gemeente.contact.internet,gemeente.aantalInwoners,gemeente.totaalZetels
Gemeente Zeevang,Zeevang,NH,(029)9409409,gemeente@zeevang.nl,http://www.zeevang.nl,6307,13
Gemeente Millingen aan de Rijn,Millingen aan de Rijn,GLD,(024)3996200,info@millingenaanderijn.nl,http://www.millingenaanderijn.nl,5920,11
Gemeente Peel en Maas,Peel en Maas,LB,(077)3066666,info@peelenmaas.nl,http://www.peelenmaas.nl,43045,27
Gemeente Woudrichem,Woudrichem,NB,(0183)308100,gemeente@woudrichem.nl,http://www.woudrichem.nl,14443,16
Gemeente De Wolden,De Wolden,DR,140528,gemeente@dewolden.nl,http://www.dewolden.nl,23546,19
Gemeente Mook en Middelaar,Mook en Middelaar,LB,(024)6969111,gemeente@mookenmiddelaar.nl,http://www.mookenmiddelaar.nl,8029,13
Gemeente Smallingerland,Smallingerland,FR,(0512)581234,gemeente@smallingerland.nl,http://www.smallingerland.nl,55441,31
Gemeente Diemen,Diemen,NH,(020)3144888,gemeente@diemen.nl,http://www.diemen.nl,25000,19
Gemeente Beesel,Beesel,LB,(077)4749292,info@beesel.nl,http://www.beesel.nl,13690,15
Gemeente Terschelling,Terschelling,FR,(0562)446244,gemeente@terschelling.nl,http://www.terschelling.nl,4800,11
Gemeente Someren,Someren,NB,(0493)494888,gemeente@someren.nl,http://www.someren.nl,18242,17
Gemeente Sint Anthonis,Sint Anthonis,NB,(0485)388888,postbus@sintanthonis.nl,http://www.sintanthonis.nl,11799,15
Gemeente Bergen (L),Bergen (L),LB,(0485)348383,info@bergen.nl,http://www.bergen.nl,13275,15
Gemeente Landsmeer,Landsmeer,NH,(020)4877111,Gemeente@Landsmeer.nl,http://www.landsmeer.nl,10264,15
Gemeente Etten-Leur,Etten-Leur,NB,14076,info@etten-leur.nl,http://www.etten-leur.nl,42273,27
Gemeente Borger-Odoorn,Borger-Odoorn,DR,140591,gemeente@borger-odoorn.nl,http://www.borger-odoorn.nl,25941,21
Gemeente Helmond,Helmond,NB,140492,gemeente@helmond.nl,http://www.helmond.nl,86061,37
Stadsdeel Centrum,Centrum,NH,(020)2564444,DIV@centrum.amsterdam.nl,http://www.centrum.amsterdam.nl,82203,38
Gemeente Bergeijk,Bergeijk,NB,(0497)551455,info@bergeijk.nl,http://www.bergeijk.nl,18126,17
Gemeente Middelburg,Middelburg,ZLD,(0118)675000,info@middelburg.nl,http://www.middelburg.nl,47474,29
Gemeente Edam-Volendam,Edam-Volendam,NH,(0299)398398,info@edam-volendam.nl,http://www.edam-volendam.nl,28754,21
Gemeente Voerendaal,Voerendaal,LB,(045)5753399,info@voerendaal.nl,http://www.voerendaal.nl,12848,15
Gemeente Aa en Hunze,Aa en Hunze,DR,140592,gemeente@aaenhunze.nl,http://www.aaenhunze.nl,25570,21
Gemeente Baarle-Nassau,Baarle-Nassau,NB,(013)5075200,gemeente@baarle-nassau.nl,http://www.baarle-nassau.nl,6700,13
Gemeente Ermelo,Ermelo,GLD,(0341)567321,gemeente@ermelo.nl,http://www.ermelo.nl,26305,21
Gemeente Wormerland,Wormerland,NH,(075)6429000,Postbus@wormerland.nl,http://www.wormerland.nl,15796,17
Gemeente Koggenland,Koggenland,NH,(0229)548400,info@koggenland.nl,http://www.koggenland.nl/,22345,19
Gemeente Dongeradeel,Dongeradeel,FR,140519,gemeente@dongeradeel.nl,http://www.dongeradeel.nl,24289,18
Gemeente Woudenberg,Woudenberg,UT,(033)2869100,postbus@gemwoudenberg.nl,http://www.woudenberg.eu,12008,15
Gemeente Oosterhout,Oosterhout,NB,140162,stadhuis@oosterhout.nl,http://www.oosterhout.nl,53787,30
Gemeente Onderbanken,Onderbanken,LB,(045)5278787,gemeente@onderbanken.nl,http://www.onderbanken.nl,8391,13
Gemeente Schijndel,Schijndel,NB,(073)5440999,info@schijndel.nl,http://www.schijndel.nl,23337,19
Gemeente Veere,Veere,ZLD,(0118)555444,gemeente@veere.nl,http://www.veere.nl,21913,19
Gemeente Neerijnen,Neerijnen,GLD,(0418)656565,gemeente@neerijnen.nl,http://www.neerijnen.nl,12019,14
Gemeente Wijdemeren,Wijdemeren,NH,(035)6559595,postbus@wijdemeren.nl,http://www.wijdemeren.nl,23571,19
Gemeente Texel,Texel,NH,140222,gemeente@texel.nl,http://www.texel.nl,13618,17
Gemeente Haarlemmerliede en Spaarnwoude,Haarlemmerliede en Spaarnwoude,NH,(020)4079000,post@Haarlemmerliede.nl,http://www.haarlemmerliede.nl,5444,11
Gemeente Emmen,Emmen,DR,140591,gemeente@emmen.nl,http://www.emmen.nl,109150,39
Gemeente Capelle aan den IJssel,Capelle aan den IJssel,ZH,(010)2848484,gemeente@capelleaandenijssel.nl,http://www.capelleaandenijssel.nl,65374,33
Gemeente Strijen,Strijen,ZH,(078)6748200,info@strijen.nl,http://www.strijen.nl,8848,13
Gemeente Oldebroek,Oldebroek,GLD,(0525)638200,gemeente@oldebroek.nl,http://www.oldebroek.nl,22631,19
Gemeente Borsele,Borsele,ZLD,(0113)238383,info@borsele.nl,http://www.borsele.nl,22676,19
Gemeente Mill en St. Hubert,Mill en St. Hubert,NB,(0485)460300,info@gemeente-mill.nl,http://www.gemeente-mill.nl,10911,15
Gemeente Heusden,Heusden,NB,(073)5131789,info@heusden.nl,http://www.heusden.nl,42883,27
Gemeente Aalburg,Aalburg,NB,(0416)698700,gemeente@aalburg.nl,http://www.aalburg.nl,12779,15
Gemeente Assen,Assen,DR,(0592)366911,info@assen.nl,http://www.assen.nl,67209,32
Gemeente Medemblik,Medemblik,NH,(0229)856000,info@medemblik.nl,http://www.medemblik.nl,42891,27
Gemeente Heemskerk,Heemskerk,NH,140251,post@heemskerk.nl,http://www.heemskerk.nl,39224,25
Gemeente Heerde,Heerde,GLD,(0578)699494,gemeente@heerde.nl,http://www.heerde.nl,18244,16
Gemeente Terneuzen,Terneuzen,ZLD,140115,gemeente@terneuzen.nl,http://www.terneuzen.nl,54740,31
Gemeente Hardinxveld-Giessendam,Hardinxveld-Giessendam,ZH,140184,info@gemhg.nl,http://www.hardinxveld-giessendam.nl,17722,17
Gemeente Schiermonnikoog,Schiermonnikoog,FR,(0519)535050,postbus20@schiermonnikoog.nl,http://www.schiermonnikoog.nl,946,9
Gemeente Ooststellingwerf,Ooststellingwerf,FR,(0516)566222,gemeente@ooststellingwerf.nl,http://www.ooststellingwerf.nl,26224,21
Gemeente Brielle,Brielle,ZH,(0181)471111,info@brielle.nl,http://www.brielle.nl,15918,17
Gemeente Schiedam,Schiedam,ZH,14010,contact@schiedam.nl,http://www.schiedam.nl,76229,35
Gemeente Tiel,Tiel,GLD,(0344)637111,gemeente@tiel.nl,http://www.tiel.nl,41191,26
Gemeente Korendijk,Korendijk,ZH,(0186)697777,gemeente@korendijk.nl,http://www.korendijk.nl,10773,15
Gemeente Meerssen,Meerssen,LB,14043,info@meerssen.nl,http://www.meerssen.nl,19367,16
Gemeente Waddinxveen,Waddinxveen,ZH,140182,gemeente@waddinxveen.nl,http://www.waddinxveen.nl,25280,21
Gemeente De Friese Meren,De Friese Meren,FR,14514,,http://www.defriesemeren.nl/,51200,31
Gemeente Deurne,Deurne,NB,(0493)387711,info@deurne.nl,http://www.deurne.nl,31525,23
Gemeente Westervoort,Westervoort,GLD,(026)3179911,gemeente@westervoort.nl,http://www.westervoort.nl,15203,16
Gemeente Zwartewaterland,Zwartewaterland,OV,(038)3853000,info@zwartewaterland.nl,http://www.zwartewaterland.nl,22184,19
Gemeente Wijchen,Wijchen,GLD,14024,gemeente@wijchen.nl,http://www.wijchen.nl,40748,27
Gemeente Werkendam,Werkendam,NB,(0183)507200,info@werkendam.nl,http://www.werkendam.nl,26407,21
Gemeente Steenwijkerland,Steenwijkerland,OV,140521,info@steenwijkerland.nl,http://www.steenwijkerland.nl,43393,27
Gemeente Groningen,Groningen,GR,(050)3679111,info@groningen.nl,http://www.groningen.nl,195800,40
Gemeente Goeree-Overflakkee,Goeree-Overflakkee,ZH,140187,info@goeree-overflakkee.nl,http://www.goeree-overflakkee.nl,77939,29
Gemeente Heemstede,Heemstede,NH,14023,gemeente@heemstede.nl,http://www.heemstede.nl,26317,21
Gemeente Reimerswaal,Reimerswaal,ZLD,140113,gemeente@reimerswaal.nl,http://www.reimerswaal.nl,21109,19
Gemeente Staphorst,Staphorst,OV,(0522)467400,gemeente@staphorst.nl,http://www.staphorst.nl,16169,17
Gemeente Littenseradiel,Littenseradiel,FR,(0515)334444,info@littenseradiel.nl,http://www.littenseradiel.nl,10930,15
Gemeente Hollands Kroon,Hollands Kroon,NH,(088)3215000,contact@hollandskroon.nl,http://www.hollandskroon.nl,47681,29
Gemeente Leudal,Leudal,LB,(0475)859000,info@leudal.nl,http://www.leudal.nl,36606,25
Gemeente Cromstrijen,Cromstrijen,ZH,(0186)656100,info@cromstrijen.nl,http://www.cromstrijen.nl,12780,15
Gemeente Brunssum,Brunssum,LB,(045)5278555,gemeente@brunssum.nl,http://www.brunssum.nl,29590,21
Gemeente Den Helder,Den Helder,NH,(0223)671200,info@denhelder.nl,http://www.denhelder.nl,57526,31
Gemeente Hof van Twente,Hof van Twente,OV,(0547)858585,info@hofvantwente.nl,http://www.hofvantwente.nl,35137,25
Gemeente Nieuwegein,Nieuwegein,UT,14030,gemeente@nieuwegein.nl,http://www.nieuwegein.nl,61365,33
Gemeente Bergambacht,Bergambacht,ZH,(0182)356555,gemeente@bergambacht.nl,http://www.bergambacht.nl,9910,13
Gemeente Nuenen c.a.,Nuenen c.a.,NB,(040)2631631,gemeentehuis@nuenen.nl,http://www.nuenen.nl,22601,19
Gemeente Ameland,Ameland,FR,(0519)555555,gemeente@ameland.nl,http://www.ameland.nl,3525,11
Gemeente Den Haag,Den Haag,ZH,14070,,http://www.denhaag.nl,500287,45
Gemeente Hoorn,Hoorn,NH,(0229)252200,gemeente@hoorn.nl,http://www.hoorn.nl,70697,35
Gemeente Echt-Susteren,Echt-Susteren,LB,(0475)478478,info@echt-susteren.nl,http://www.echt-susteren.nl,32180,23
Gemeente Raalte,Raalte,OV,(0572)347799,info@raalte.nl,http://www.raalte.nl,37311,25
Gemeente Enschede,Enschede,OV,14053,postbus20@enschede.nl,http://www.enschede.nl,156089,39
Gemeente Cuijk,Cuijk,NB,(0485)396600,gemeente@cuijk.nl,http://www.cuijk.nl,24249,19
Gemeente Leerdam,Leerdam,ZH,(0345)636363,info@leerdam.nl,http://www.leerdam.nl,20688,19
Gemeente Nuth,Nuth,LB,14045,gemeente@nuth.nl,http://www.nuth.nl,15844,17
Gemeente Venlo,Venlo,LB,14077,info@venlo.nl,http://www.venlo.nl,100031,39
Gemeente Naarden,Naarden,NH,(035)6957811,info@naarden.nl,http://www.naarden.nl,17140,17
Gemeente Hellevoetsluis,Hellevoetsluis,ZH,140181,gemeente@hellevoetsluis.nl,http://www.hellevoetsluis.nl,39633,25
Gemeente Dinkelland,Dinkelland,OV,(0541)854100,info@dinkelland.nl,http://www.dinkelland.nl,26068,21
Gemeente Loon op Zand,Loon op Zand,NB,(0416)289111,info@loonopzand.nl,http://www.loonopzand.nl,23000,19
Gemeente Laarbeek,Laarbeek,NB,(0492)469700,gemeente@laarbeek.nl,http://www.laarbeek.nl,21748,18
Gemeente Eersel,Eersel,NB,(0497)531300,gemeente@eersel.nl,http://www.eersel.nl,18041,17
Gemeente Lemsterland,Lemsterland,FR,(0514)567575,info@lemsterland.nl,http://www.lemsterland.nl,13576,15
Gemeente Rozendaal,Rozendaal,GLD,(026)3843666,gemeente@rozendaal.nl,http://www.rozendaal.nl,1501,9
Gemeente Borne,Borne,OV,(074)2658686,info@borne.nl,http://www.borne.nl,20521,19
Gemeente Amsterdam,Amsterdam,NH,14020,,http://www.amsterdam.nl,742884,45
Gemeente Haarlemmermeer,Haarlemmermeer,NH,09001852,info@haarlemmermeer.nl,http://www.haarlemmermeer.nl,143000,39
Gemeente Drimmelen,Drimmelen,NB,(0162)690190,gemeente@drimmelen.nl,http://www.drimmelen.nl,26575,21
Gemeente Wijk bij Duurstede,Wijk bij Duurstede,UT,(0343)595595,info@wijkbijduurstede.nl,http://www.wijkbijduurstede.nl,23366,19
Gemeente Noordenveld,Noordenveld,DR,14050,postbus@gemeentenoordenveld.nl,http://www.gemeentenoordenveld.nl,30956,24
Gemeente Opmeer,Opmeer,NH,(0226)363333,gemeente@opmeer.nl,http://www.opmeer.nl,11396,15
Gemeente Duiven,Duiven,GLD,(0316)279111,gemeente@duiven.nl,http://www.duiven.nl,25605,21
Gemeente Stadskanaal,Stadskanaal,GR,(0599)631631,gemeente@stadskanaal.nl,http://www.stadskanaal.nl,33100,23
Gemeente Culemborg,Culemborg,GLD,(0345)477700,info@culemborg.nl,http://www.culemborg.nl,27615,21
Gemeente Leiden,Leiden,ZH,14071,sleutel@leiden.nl,http://www.leiden.nl/gemeente,119807,39
Gemeente Horst aan de Maas,Horst aan de Maas,LB,(077)4779777,gemeente@horstaandemaas.nl,http://www.horstaandemaas.nl,41453,27
Gemeente Kapelle,Kapelle,ZLD,(0113)333110,gemeente@kapelle.nl,http://www.kapelle.nl,12275,15
Gemeente Leeuwarderadeel,Leeuwarderadeel,FR,(058)2576666,info@leeuwarderadeel.nl,http://www.leeuwarderadeel.nl,10435,15
Gemeente Nieuwkoop,Nieuwkoop,ZH,140172,info@nieuwkoop.nl,http://www.nieuwkoop.nl,26987,21
Gemeente Noordoostpolder,Noordoostpolder,FL,(0527)633911,info@noordoostpolder.nl,http://www.noordoostpolder.nl,45777,29
Gemeente Coevorden,Coevorden,DR,140524,info@coevorden.nl,http://www.coevorden.nl,35894,24
Gemeente Uitgeest,Uitgeest,NH,140251,gemeentebestuur@uitgeest.nl,http://www.uitgeest.nl,13000,15
Gemeente Almelo,Almelo,OV,(0546)541111,Gemeente@almelo.nl,http://www.almelo.nl,72096,34
Gemeente Boekel,Boekel,NB,(0492)326800,info@boekel.nl,http://www.boekel.nl,10062,13
Gemeente Winterswijk,Winterswijk,GLD,(0543)543543,gemeente@winterswijk.nl,http://www.winterswijk.nl,28883,21
Gemeente Súdwest Fryslân,Súdwest Fryslân,FR,(0515)489000,info@gemeentesudwestfryslan.nl,http://www.gemeentesudwestfryslan.nl,82495,37
Gemeente Ommen,Ommen,OV,(0529)459100,gemeente@ommen.nl,http://www.ommen.nl,17311,17
Gemeente Renswoude,Renswoude,UT,(0318)578150,info@renswoude.nl,http://www.renswoude.nl,4823,11
Gemeente Dronten,Dronten,FL,140321,gemeente@dronten.nl,http://www.dronten.nl,40700,25
Gemeente Overbetuwe,Overbetuwe,GLD,(0481)362300,info@overbetuwe.nl,http://www.overbetuwe.nl,45566,29
Gemeente Oisterwijk,Oisterwijk,NB,(013)5291311,gemeente@oisterwijk.nl,http://www.oisterwijk.nl,25743,21
Gemeente Katwijk,Katwijk,ZH,(071)4065000,info@katwijk.nl,http://www.katwijk.nl,62481,33
Gemeente Zaanstad,Zaanstad,NH,14075,,http://www.zaanstad.nl,142857,39
Gemeente Barneveld,Barneveld,GLD,140342,info@barneveld.nl,http://www.barneveld.nl,53918,31
Gemeente Rijnwoude,Rijnwoude,ZH,(071)3428282,gemeente@rijnwoude.nl,http://www.rijnwoude.nl,18696,17
Gemeente Molenwaard,Molenwaard,ZH,140184,info@gemeentemolenwaard.nl,http://www.gemeentemolenwaard.nl,29051,21
Gemeente Rijswijk,Rijswijk,ZH,(070)3261404,stadhuis@rijswijk.nl,http://www.rijswijk.nl,47024,29
Gemeente Bellingwedde,Bellingwedde,GR,(0597)537100,gemeente@bellingwedde.nl,http://www.bellingwedde.nl,9261,13
Gemeente De Ronde Venen,De Ronde Venen,UT,(0297)291616,info@derondevenen.nl,http://www.derondevenen.nl,42993,28
Gemeente Losser,Losser,OV,(053)5377444,gemeente@losser.nl,http://www.losser.nl,22559,19
Gemeente Beuningen,Beuningen,GLD,14024,gemeente@beuningen.nl,http://www.beuningen.nl,25510,21
Gemeente Hellendoorn,Hellendoorn,OV,(0548)630000,gemeentebestuur@hellendoorn.nl,http://www.hellendoorn.nl,36046,24
Gemeente Tubbergen,Tubbergen,OV,(0546)628000,gemeente@tubbergen.nl,http://www.tubbergen.nl,21215,19
Gemeente Maasdonk,Maasdonk,NB,(073)5342100,postbus5@maasdonk.nl,http://www.maasdonk.nl,11292,15
Gemeente Heiloo,Heiloo,NH,(072)5356666,info@heiloo.nl,http://www.heiloo.nl,22650,19
Gemeente Rucphen,Rucphen,NB,(0165)349500,gemeente@rucphen.nl,http://www.rucphen.nl,22264,19
Gemeente Vlissingen,Vlissingen,ZLD,(0118)487000,gemeente@vlissingen.nl,http://www.vlissingen.nl,44502,27
Gemeente Hattem,Hattem,GLD,(038)4431616,gemeente@hattem.nl,http://www.hattem.nl,11745,15
Gemeente Schouwen-Duiveland,Schouwen-Duiveland,ZLD,(0111)452000,gemeente@schouwen-duiveland.nl,http://www.schouwen-duiveland.nl,34132,23
Gemeente Vlagtwedde,Vlagtwedde,GR,(0599)320220,info@vlagtwedde.nl,http://www.vlagtwedde.nl,16260,17
Gemeente Noordwijk,Noordwijk,ZH,(071)3660000,gemeente@noordwijk.nl,http://www.noordwijk.nl,25523,21
Gemeente Drechterland,Drechterland,NH,(0228)352352,gemeente@drechterland.nl,http://www.drechterland.nl,19600,17
Gemeente Haren,Haren,GR,(050)5339911,gemeente@haren.nl,http://www.haren.nl,18715,17
Gemeente Simpelveld,Simpelveld,LB,14045,info@simpelveld.nl,http://www.simpelveld.nl,10925,15
Gemeente Bernisse,Bernisse,ZH,(0181)667200,info@gemeentebernisse.nl,http://www.gemeentebernisse.nl,12463,15
Gemeente Rijnwaarden,Rijnwaarden,GLD,(0316)565600,rijnwaarden@rijnwaarden.nl,http://www.rijnwaarden.nl,11017,15
Gemeente Zandvoort,Zandvoort,NH,(023)5740100,info@zandvoort.nl,http://www.zandvoort.nl,16599,16
Gemeente Amstelveen,Amstelveen,NH,(020)5404911,gemeente@amstelveen.nl,http://www.amstelveen.nl,84377,37
Gemeente Bunschoten,Bunschoten,UT,14033,,http://www.bunschoten.nl,20369,17
Gemeente Alphen-Chaam,Alphen-Chaam,NB,(013)5086666,info@alphen-chaam.nl,http://www.alphen-chaam.nl,9525,13
Gemeente Almere,Almere,FL,14036,info@almere.nl,http://www.almere.nl,195138,39
Gemeente Ouderkerk,Ouderkerk,ZH,(0180)681055,info@ouderkerk.nl,http://www.ouderkerk.nl,8067,13
Gemeente Zoetermeer,Zoetermeer,ZH,14079,Antwoord@zoetermeer.nl,http://www.zoetermeer.nl,122370,39
Gemeente Zeist,Zeist,UT,14030,zeist@zeist.nl,http://www.zeist.nl,60326,33
Gemeente Loppersum,Loppersum,GR,(0596)548200,gemeente@loppersum.nl,http://www.loppersum.nl,10400,15
Gemeente Delfzijl,Delfzijl,GR,140596,gemeente@delfzijl.nl,http://www.delfzijl.nl,25863,21
Gemeente Eemsmond,Eemsmond,GR,(0595)437555,algemeen@eemsmond.nl,http://www.eemsmond.nl,16232,17
Gemeente Grootegast,Grootegast,GR,140594,info@grootegast.nl,http://www.grootegast.nl,12275,15
Gemeente Haaren,Haaren,NB,(0411)627282,gemeente@haaren.nl,http://www.haaren.nl,13772,15
Gemeente Hilversum,Hilversum,NH,14035,gemeente@hilversum.nl,http://www.hilversum.nl,84422,37
Gemeente Schagen,Schagen,NH,(0224)210400,postbus8@schagen.nl,http://www.schagen.nl,46833,29
Gemeente Heumen,Heumen,GLD,14024,heumen@heumen.nl,http://www.heumen.nl,16428,17
Gemeente Best,Best,NB,(0499)360911,gemeente.best@gembest.nl,http://www.gemeentebest.nl,28747,21
Gemeente Gouda,Gouda,ZH,140182,gemeente@gouda.nl,http://www.gouda.nl,71050,35
Gemeente Weststellingwerf,Weststellingwerf,FR,(0561)691234,info@weststellingwerf.nl,http://www.weststellingwerf.nl,25500,21
Gemeente Alblasserdam,Alblasserdam,ZH,14078,bestuurssecretariaat@alblasserdam.nl,http://www.alblasserdam.nl,19469,17
Gemeente Veghel,Veghel,NB,140413,info@veghel.nl,http://www.veghel.nl,37442,25
Gemeente Laren,Laren,NH,(035)7513444,info@laren.nl,http://www.laren.nl,10979,15
Gemeente Bussum,Bussum,NH,(035)6928888,info@bussum.nl,http://www.bussum.nl,31308,23
Gemeente Stein,Stein,LB,(046)4359393,info@gemeentestein.nl,http://www.gemeentestein.nl,26331,21
Gemeente Sittard-Geleen,Sittard-Geleen,LB,14046,info@sittard-geleen.nl,http://www.sittard-geleen.nl,93961,37
Gemeente Het Bildt,Het Bildt,FR,(0518)409234,info@hetbildt.nl,http://www.hetbildt.nl,10963,15
Gemeente Muiden,Muiden,NH,(0294)210210,info@muiden.nl,http://www.muiden.nl,6466,13
Gemeente Franekeradeel,Franekeradeel,FR,(0517)380380,info@franekeradeel.nl,http://www.franekeradeel.nl,20551,19
Gemeente Waalwijk,Waalwijk,NB,(0416)683456,info@waalwijk.nl,http://www.waalwijk.nl,46605,27
Gemeente Sliedrecht,Sliedrecht,ZH,(0184)495900,gemeente@sliedrecht.nl,http://www.sliedrecht.nl,23774,19
Gemeente Spijkenisse,Spijkenisse,ZH,140181,gemeente@spijkenisse.nl,http://www.spijkenisse.nl,72266,35
Gemeente Beverwijk,Beverwijk,NH,(0251)256256,info@beverwijk.nl,http://www.beverwijk.nl,39329,25
Gemeente Eemnes,Eemnes,UT,14035,info@eemnes.nl,http://www.eemnes.nl,8795,13
Gemeente Veendam,Veendam,GR,(0598)652222,Info@veendam.nl,http://www.veendam.nl,28117,21
Gemeente Slochteren,Slochteren,GR,(0598)425555,algemeen@slochteren.nl,http://www.slochteren.nl,15547,17
Gemeente Stede Broec,Stede Broec,NH,(0228)510111,gemeente@stedebroec.nl,http://www.stedebroec.nl,21508,19
Gemeente Leusden,Leusden,UT,14033,gemeente@leusden.nl,http://www.leusden.nl,28610,21
Gemeente Menameradiel,Menameradiel,FR,(0518)452900,gemeente@menameradiel.nl,http://www.menameradiel.nl,13809,15
Gemeente Barendrecht,Barendrecht,ZH,140180,gemeente@barendrecht.nl,http://www.barendrecht.nl,47392,29
Gemeente Lopik,Lopik,UT,(0348)559955,gemeente@lopik.nl,http://www.lopik.nl,14161,15
Gemeente Teylingen,Teylingen,ZH,(0252)783300,gemeente@teylingen.nl,http://www.teylingen.nl,35739,25
Gemeente Gilze en Rijen,Gilze en Rijen,NB,140161,info@gilzerijen.nl,http://www.gilzerijen.nl,25979,21
Gemeente Lelystad,Lelystad,FL,140320,gemeente@lelystad.nl,http://www.lelystad.nl,75763,35
Gemeente Zuidplas,Zuidplas,ZH,(0180)330300,gemeente@zuidplas.nl,http://www.zuidplas.nl,40474,27
Gemeente Veldhoven,Veldhoven,NB,14040,gemeente@veldhoven.nl,http://www.veldhoven.nl,43623,27
Gemeente Epe,Epe,GLD,140578,gemeente@epe.nl,http://www.epe.nl,32385,23
Gemeente Asten,Asten,NB,(0493)671212,Gemeente@asten.nl,http://www.asten.nl,16398,17
Gemeente Gaasterlân-Sleat,Gaasterlân-Sleat,FR,(0514)608111,info@gaasterlan-sleat.nl,http://www.gaasterlan-sleat.nl,10286,15
Gemeente Maassluis,Maassluis,ZH,14010,gemeente@maassluis.nl,http://www.maassluis.nl,31849,23
Gemeente Voorst,Voorst,GLD,(0571)279911,Gemeente@voorst.nl,http://www.voorst.nl,23717,19
Gemeente Bergen op Zoom,Bergen op Zoom,NB,(0164)277000,stadskantoor@bergenopzoom.nl,http://www.bergenopzoom.nl,66470,33
Gemeente Goirle,Goirle,NB,(013)5310610,info@goirle.nl,http://www.goirle.nl,22312,19
Gemeente Halderberge,Halderberge,NB,(0165)390500,gemeente@halderberge.nl,http://www.halderberge.nl,29479,21
Gemeente Oudewater,Oudewater,UT,(0348)566999,info@oudewater.nl,http://www.oudewater.nl,9953,13
Gemeente Boxmeer,Boxmeer,NB,(0485)585911,gemeente@boxmeer.nl,http://www.boxmeer.nl,28395,21
Gemeente Moerdijk,Moerdijk,NB,(0168)373600,info@moerdijk.nl,http://www.moerdijk.nl,36645,25
Gemeente Tynaarlo,Tynaarlo,DR,(0592)266662,info@tynaarlo.nl,http://www.tynaarlo.nl,31731,22
Gemeente Renkum,Renkum,GLD,(026)3348111,info@renkum.nl,http://www.renkum.nl,31636,23
Gemeente Vlaardingen,Vlaardingen,ZH,(010)2484000,,http://www.vlaardingen.nl,70855,35
Gemeente Lisse,Lisse,ZH,(0252)433222,gemeente@lisse.nl,http://www.lisse.nl,22691,19
Gemeente Gorinchem,Gorinchem,ZH,(0183)659595,Gemeente@Gorinchem.nl,http://www.gorinchem.nl,35070,23
Gemeente Groesbeek,Groesbeek,GLD,(024)3996111,gemeente@groesbeek.nl,http://www.groesbeek.nl,18870,17
Gemeente Binnenmaas,Binnenmaas,ZH,(078)6764433,gemeente@binnenmaas.nl,http://www.binnenmaas.nl,28962,21
Gemeente Dalfsen,Dalfsen,OV,(0529)488388,gemeente@dalfsen.nl,http://www.dalfsen.nl,27658,21
Gemeente Son en Breugel,Son en Breugel,NB,(0499)491491,gemeente@sonenbreugel.nl,http://www.sonenbreugel.nl,15822,17
Gemeente Wierden,Wierden,OV,(0546)580800,gemeente@wierden.nl,http://www.wierden.nl,23812,19
Gemeente Roerdalen,Roerdalen,LB,(0475)538888,info@roerdalen.nl,http://www.roerdalen.nl,21320,19
Gemeente Nijkerk,Nijkerk,GLD,14033,gemeente@nijkerk.eu,http://www.nijkerk.eu,40103,25
Gemeente Krimpen aan den IJssel,Krimpen aan den IJssel,ZH,140180,gemeente@krimpenaandenijssel.nl,http://www.krimpenaandenijssel.nl,28822,21
Gemeente Blaricum,Blaricum,NH,(035)7513222,mail@blaricum.nl,http://www.blaricum.nl,8955,13
Gemeente Rhenen,Rhenen,UT,(0317)681681,info@rhenen.nl,http://www.rhenen.nl,19112,17
Gemeente Graft-De Rijp,Graft-De Rijp,NH,(0299)391950,gemeente@graftderijp.nl,http://www.graftderijp.nl,6434,13
Gemeente Heerenveen,Heerenveen,FR,(0513)617617,gemeente@heerenveen.nl,http://www.heerenveen.nl,42776,28
Gemeente Vlieland,Vlieland,FR,(0562)452700,info@vlieland.nl,http://www.vlieland.nl,1137,8
Gemeente Beemster,Beemster,NH,(0299)682100,gemeente@beemster.net,http://www.beemster.net,8911,13
Gemeente Schoonhoven,Schoonhoven,ZH,(0182)389200,gemeente@schoonhoven.nl,http://www.schoonhoven.nl,12145,15
Gemeente Tytsjerksteradiel,Tytsjerksteradiel,FR,(0511)460860,gemeente@t-diel.nl,http://www.t-diel.nl,32111,23
Gemeente Roermond,Roermond,LB,(0475)359999,mail@roermond.nl,http://www.roermond.nl,56695,31
Gemeente Boxtel,Boxtel,NB,(0411)655911,gemeente@boxtel.nl,http://www.boxtel.nl,30441,23
Deelgemeente Feijenoord,Feijenoord,ZH,(010)2916000,info@feijenoord.rotterdam.nl,http://www.feijenoord.rotterdam.nl,69488,24
Gemeente Heerlen,Heerlen,LB,14045,gemeente@heerlen.nl,http://www.heerlen.nl,88777,35
Gemeente Hilvarenbeek,Hilvarenbeek,NB,(013)5058383,gemeente@hilvarenbeek.nl,http://www.hilvarenbeek.nl,15107,17
Gemeente Vlist,Vlist,ZH,(0182)348400,info@gemeentevlist.nl,http://www.gemeentevlist.nl,9777,13
Gemeente Lingewaal,Lingewaal,GLD,(0345)634000,info@lingewaal.nl,http://www.lingewaal.nl,10913,15
Gemeente Opsterland,Opsterland,FR,(0512)386222,gemeente@opsterland.nl,http://www.opsterland.nl,30046,23
Gemeente Westerveld,Westerveld,DR,(0521)349349,info@gemeentewesterveld.nl,http://www.gemeentewesterveld.nl,19090,17
Gemeente Waterland,Waterland,NH,(0299)658585,gemeente@waterland.nl,http://www.waterland.nl,17013,17
Gemeente Leek,Leek,GR,(0594)551515,info@leek.nl,http://www.leek.nl,19611,17
Gemeente Reusel-De Mierden,Reusel-De Mierden,NB,(0497)650650,gemeente@reuseldemierden.nl,http://www.reuseldemierden.nl,12428,15
Gemeente Ten Boer,Ten Boer,GR,(050)3028888,gemeente@tenboer.nl,http://www.tenboer.nl,7425,13
Gemeente Schinnen,Schinnen,LB,14046,info@schinnen.nl,http://www.schinnen.nl,12950,15
Gemeente Bunnik,Bunnik,UT,(030)6594848,info@bunnik.nl,http://www.bunnik.nl,14377,15
Gemeente Haaksbergen,Haaksbergen,OV,(053)5734567,gemeente@haaksbergen.nl,http://www.haaksbergen.nl,24490,19
Gemeente Wageningen,Wageningen,GLD,(0317)492911,gemeente@wageningen.nl,http://www.wageningen.nl,35680,25
Gemeente Hillegom,Hillegom,ZH,140252,info@hillegom.nl,http://www.hillegom.nl,20484,19
Gemeente Oldenzaal,Oldenzaal,OV,(0541)588111,info@oldenzaal.nl,http://www.oldenzaal.nl,32200,23
Gemeente Ede,Ede,GLD,140318,info@ede.nl,http://www.ede.nl,108884,39
Gemeente Woensdrecht,Woensdrecht,NB,140164,gemeente@woensdrecht.nl,http://www.woensdrecht.nl,21648,19
Gemeente Arnhem,Arnhem,GLD,09001809,gemeente@arnhem.nl,http://www.arnhem.nl,143596,39
Gemeente Hardenberg,Hardenberg,OV,140523,gemeente@hardenberg.nl,http://www.hardenberg.nl,59593,31
Gemeente Zederik,Zederik,ZH,(0183)356500,postbus1@zederik.nl,http://www.zederik.nl,13646,15
Gemeente Maastricht,Maastricht,LB,14043,post@maastricht.nl,http://www.gemeentemaastricht.nl,121000,39
Gemeente Leeuwarden,Leeuwarden,FR,14058,gemeente@leeuwarden.nl,http://www.leeuwarden.nl,92342,39
Gemeente Zaltbommel,Zaltbommel,GLD,140418,info@zaltbommel.nl,http://www.zaltbommel.nl,26953,21
Gemeente Harderwijk,Harderwijk,GLD,(0341)411911,gemeente@harderwijk.nl,http://www.harderwijk.nl,44422,27
Gemeente Landerd,Landerd,NB,(0486)458111,info@landerd.nl,http://www.landerd.nl,15224,15
Gemeente Veenendaal,Veenendaal,UT,(0318)538911,info@veenendaal.nl,http://www.veenendaal.nl,62049,32
Gemeente Utrechtse Heuvelrug,Utrechtse Heuvelrug,UT,(0343)565600,info@heuvelrug.nl,http://www.heuvelrug.nl,48300,29
Gemeente Gemert-Bakel,Gemert-Bakel,NB,(0492)378500,gemeente@gemert-bakel.nl,http://www.gemert-bakel.nl,29026,21
Gemeente Pijnacker-Nootdorp,Pijnacker-Nootdorp,ZH,14015,info@pijnacker-nootdorp.nl,http://www.pijnacker-nootdorp.nl,50892,29
Gemeente Marum,Marum,GR,(0594)641333,gemeente@marum.nl,http://www.marum.nl,10066,15
Gemeente Bladel,Bladel,NB,(0497)361636,info@bladel.nl,http://www.bladel.nl,19642,17
Gemeente Oldambt,Oldambt,GR,(0597)482000,info@gemeente-oldambt.nl,http://www.gemeente-oldambt.nl,38838,25
Gemeente Bernheze,Bernheze,NB,(0412)458888,gemeente@bernheze.org,http://www.bernheze.org,29655,21
Gemeente Goes,Goes,ZLD,(0113)249600,stadskantoor@goes.nl,http://www.goes.nl,36600,25
Gemeente Urk,Urk,FL,(0527)689868,Gemeente@urk.nl,http://www.urk.nl,19260,17
Gemeente Nijmegen,Nijmegen,GLD,14024,gemeente@nijmegen.nl,http://www.nijmegen.nl,161286,39
Gemeente Nederweert,Nederweert,LB,(0495)677111,info@nederweert.nl,http://www.nederweert.nl,16784,17
Gemeente Enkhuizen,Enkhuizen,NH,(0228)360100,stadhuis@enkhuizen.nl,http://www.enkhuizen.nl,18006,17
Gemeente Ouder-Amstel,Ouder-Amstel,NH,(020)4962121,gemeente@ouder-amstel.nl,http://www.ouder-amstel.nl,13232,15
Gemeente Dantumadiel,Dantumadiel,FR,14+0511,post@dantumadiel.eu,http://www.dantumadiel.eu,19322,17
Gemeente Neder-Betuwe,Neder-Betuwe,GLD,(0488)449900,info@nederbetuwe.nl,http://www.nederbetuwe.nl,22309,19
Gemeente Kampen,Kampen,OV,(038)3392999,info@kampen.nl,http://www.kampen.nl,50566,30
Gemeente Gennep,Gennep,LB,(0485)494141,gemeente@gennep.nl,http://www.gennep.nl,17367,17
Gemeente Zwolle,Zwolle,OV,14038,postbus@zwolle.nl,http://www.zwolle.nl,120004,39
Gemeente Hendrik-Ido-Ambacht,Hendrik-Ido-Ambacht,ZH,14078,gemeente@h-i-ambacht.nl,http://www.hendrik-ido-ambacht.nl,25763,21
Gemeente Weesp,Weesp,NH,(0294)491391,info@weesp.nl,http://www.weesp.nl,18018,17
Gemeente Bodegraven-Reeuwijk,Bodegraven-Reeuwijk,ZH,(0172)522522,info@bodegraven-reeuwijk.nl,http://www.bodegraven-reeuwijk.nl,32728,22
Gemeente Rijssen-Holten,Rijssen-Holten,OV,(0548)854854,gemeente@rijssen-holten.nl,http://www.rijssen-holten.nl,37570,25
Gemeente Tholen,Tholen,ZLD,(0166)668200,gemeente@tholen.nl,http://www.tholen.nl,25511,21
Gemeente Alphen aan den Rijn,Alphen aan den Rijn,ZH,140172,gemeente@alphenaandenrijn.nl,http://www.alphenaandenrijn.nl,106000,39
Gemeente Gulpen-Wittem,Gulpen-Wittem,LB,(043)8800600,info@gulpen-wittem.nl,http://www.gulpen-wittem.nl,14716,15
Gemeente Landgraaf,Landgraaf,LB,(045)5695222,gemeente@landgraaf.nl,http://www.landgraaf.nl,38086,25
Gemeente Ferwerderadiel,Ferwerderadiel,FR,(0518)418888,info@ferwerderadiel.nl,http://www.ferwerderadiel.nl,8839,13
Gemeente Giessenlanden,Giessenlanden,ZH,(0183)583838,gemeente@giessenlanden.nl,http://www.giessenlanden.nl,14429,15
Gemeente Kollumerland c.a.,Kollumerland c.a.,FR,(0511)458888,gemeente@kollumerland.nl,http://www.kollumerland.nl,13078,15
Gemeente Vaals,Vaals,LB,(043)3068568,info@vaals.nl,http://www.vaals.nl,9805,13
Gemeente Druten,Druten,GLD,140487,info@druten.nl,http://www.druten.nl,18185,17
Gemeente Olst-Wijhe,Olst-Wijhe,OV,140570,gemeente@olst-wijhe.nl,http://www.olst-wijhe.nl,17655,18
Gemeente Eindhoven,Eindhoven,NB,14040,gemeente@eindhoven.nl,http://www.eindhoven.nl,218433,45
Gemeente Grave,Grave,NB,(0486)477277,info@grave.nl,http://www.grave.nl,12783,15
Gemeente Sluis,Sluis,ZLD,(0117)457000,info@gemeentesluis.nl,http://www.gemeentesluis.nl,23934,19
Gemeente Oirschot,Oirschot,NB,(0499)583333,info@oirschot.nl,http://www.oirschot.nl,17861,17
Gemeente Ubbergen,Ubbergen,GLD,14024,gemeente@ubbergen.nl,http://www.ubbergen.nl,9402,13
Gemeente Hulst,Hulst,ZLD,(0114)389000,info@gemeentehulst.nl,http://www.gemeentehulst.nl,27531,21
Gemeente Westvoorne,Westvoorne,ZH,(0181)408000,gemeente@westvoorne.nl,http://www.westvoorne.nl,14128,15
Gemeente Noordwijkerhout,Noordwijkerhout,ZH,(0252)343737,gemeente@noordwijkerhout.nl,http://www.noordwijkerhout.nl,15559,17
Gemeente Breda,Breda,NB,14076,gemeentebreda@breda.nl,http://www.breda.nl,171039,39
Gemeente Stichtse Vecht,Stichtse Vecht,UT,(0346)254000,info@stichtsevecht.nl,http://www.stichtsevecht.nl,64000,33
Gemeente Steenbergen,Steenbergen,NB,140167,info@gemeente-steenbergen.nl,http://www.gemeente-steenbergen.nl,23357,19
Gemeente Oud-Beijerland,Oud-Beijerland,ZH,(0186)646566,info@oud-beijerland.nl,http://www.oud-beijerland.nl,23536,19
Gemeente Beek,Beek,LB,(046)4389222,info@gemeentebeek.nl,http://www.gemeentebeek.nl,16455,17
Gemeente Waalre,Waalre,NB,(040)2282500,gemeente@waalre.nl,http://www.waalre.nl,16521,17
Gemeente Doesburg,Doesburg,GLD,(0313)481313,info@doesburg.nl,http://www.doesburg.nl,11634,15
Gemeente Amersfoort,Amersfoort,UT,14033,info_gemeente@amersfoort.nl,http://www.amersfoort.nl,150000,39
Gemeente Dongen,Dongen,NB,(0162)383200,info@dongen.nl,http://www.dongen.nl,25475,17
Gemeente Lansingerland,Lansingerland,ZH,14010,info@lansingerland.nl,http://www.lansingerland.nl,55270,31
Gemeente Hengelo Ov.,Hengelo Ov.,OV,(074)2459876,gemeente@hengelo.nl,http://www.hengelo.nl,81921,37
Gemeente Albrandswaard,Albrandswaard,ZH,(010)5061111,info@albrandswaard.nl,http://www.albrandswaard.nl,25098,19
Gemeente Voorschoten,Voorschoten,ZH,(071)5600600,gemeente@voorschoten.nl,http://www.voorschoten.nl,24864,19
Gemeente Papendrecht,Papendrecht,ZH,14078,pbgemeentebestuur@papendrecht.nl,http://www.papendrecht.nl,31977,23
Gemeente Bloemendaal,Bloemendaal,NH,14023,gemeente@bloemendaal.nl,http://www.bloemendaal.nl,22028,19
Gemeente Castricum,Castricum,NH,(0251)661122,gemeentebestuur@castricum.nl,http://www.castricum.nl,34504,23
Gemeente Midden-Drenthe,Midden-Drenthe,DR,(0593)539222,gemeente@middendrenthe.nl,http://www.middendrenthe.nl,33605,24
Gemeente De Bilt,De Bilt,UT,(030)2289411,info@debilt.nl,http://www.debilt.nl,42016,27
Gemeente Huizen,Huizen,NH,14035,gemeente@huizen.nl,http://www.huizen.nl,41468,27
Gemeente Zeewolde,Zeewolde,FL,(036)5229400,info@zeewolde.nl,http://www.zeewolde.nl,21200,19
Gemeente West Maas en Waal,West Maas en Waal,GLD,140487,info@westmaasenwaal.nl,http://www.westmaasenwaal.nl,18320,17
Gemeente Achtkarspelen,Achtkarspelen,FR,140511,gemeente@achtkarspelen.nl,http://www.achtkarspelen.nl,28024,21
Gemeente Baarn,Baarn,UT,(035)5481611,gemeente@baarn.nl,http://www.baarn.nl,24277,19
Gemeente Boskoop,Boskoop,ZH,(0172)219500,Info@boskoop.nl,http://www.Boskoop.nl,15223,17
Gemeente Montfoort,Montfoort,UT,(0348)476400,info@montfoort.nl,Http://www.montfoort.nl,13474,15
Gemeente Bedum,Bedum,GR,(050)3018911,gemeente@bedum.nl,http://www.bedum.nl,10601,15
Gemeente Zundert,Zundert,NB,(076)5995600,gemeente@zundert.nl,http://www.zundert.nl,21144,19
Gemeente Valkenswaard,Valkenswaard,NB,(040)2083444,gemeente@valkenswaard.nl,http://www.valkenswaard.nl,30908,23
Gemeente Twenterand,Twenterand,OV,(0546)840840,info@twenterand.nl,http://www.twenterand.nl,33603,24
Gemeente Cranendonck,Cranendonck,NB,(0495)431222,info@cranendonck.nl,http://www.cranendonck.nl,20335,19
Gemeente Westland,Westland,ZH,140174,info@gemeentewestland.nl,http://www.gemeentewestland.nl,100000,37
Gemeente Geldrop-Mierlo,Geldrop-Mierlo,NB,14040,gemeente@geldrop-mierlo.nl,http://www.geldrop-mierlo.nl,38118,25
Gemeente Midden-Delfland,Midden-Delfland,ZH,(015)3804111,gemeente@middendelfland.nl,http://www.middendelfland.nl,18251,17
Gemeente Aalten,Aalten,GLD,(0543)493333,gemeente@aalten.nl,http://www.aalten.nl,27570,21
Gemeente Zevenaar,Zevenaar,GLD,(0316)595111,gemeente@zevenaar.nl,http://www.zevenaar.nl,32441,24
Gemeente Deventer,Deventer,OV,140570,gemeente@deventer.nl,http://www.deventer.nl,98000,37
Gemeente Montferland,Montferland,GLD,(0316)291391,Gemeente@montferland.info,http://www.montferland.info,34984,25
Gemeente Berkelland,Berkelland,GLD,(0545)250250,info@gemeenteberkelland.nl,http://www.gemeenteberkelland.nl,44780,29
Gemeente Doetinchem,Doetinchem,GLD,(0314)377377,gemeente@doetinchem.nl,http://www.doetinchem.nl,56409,31
Gemeente Oude IJsselstreek,Oude IJsselstreek,GLD,(0315)292292,info@oude-ijsselstreek.nl,http://www.oude-ijsselstreek.nl,39856,27
Gemeente Lochem,Lochem,GLD,(0573)289222,info@lochem.nl,http://www.lochem.nl,33263,23
Gemeente Oost Gelre,Oost Gelre,GLD,(0544)393535,gemeente@oostgelre.nl,http://www.oostgelre.nl,29873,23
Gemeente Bronckhorst,Bronckhorst,GLD,(0575)750250,info@bronckhorst.nl,http://www.bronckhorst.nl,37669,25
Gemeente Zutphen,Zutphen,GLD,140575,info@zutphen.nl,http://www.zutphen.nl,47279,29
Deelgemeente IJsselmonde,IJsselmonde,ZH,(010)4798200,deelgemeente@ijsselmonde.rotterdam.nl,http://www.ijsselmonde.rotterdam.nl,58646,25
Deelgemeente Noord,Noord,ZH,(010)4439999,deelgemeente@noord.rotterdam.nl,http://www.noord.rotterdam.nl,49575,19
Gemeente Langedijk,Langedijk,NH,(0226)334433,info@gemeentelangedijk.nl,http://www.gemeentelangedijk.nl/,26858,21
Gemeente Appingedam,Appingedam,GR,(0596)691100,info@appingedam.nl,http://www.appingedam.nl,12187,15
Gemeente Elburg,Elburg,GLD,(0525)688688,gemeente@elburg.nl,http://www.elburg.nl,22114,19
Deelgemeente Hillegersberg-Schiebroek,Hillegersberg-Schiebroek,ZH,(010)4615561,info@his.rotterdam.nl,http://www.rotterdam.nl/his,40689,19
Gemeente Hoogezand-Sappemeer,Hoogezand-Sappemeer,GR,(0598)373737,gemeente@hoogezand-sappemeer.nl,http://www.hoogezand-sappemeer.nl,34616,23
Gemeente Pekela,Pekela,GR,(0597)617555,info@pekela.nl,http://www.pekela.nl,13257,15
Gemeente Menterwolde,Menterwolde,GR,(0598)658888,Info@menterwolde.nl,http://www.menterwolde.nl,12358,15
Gemeente De Marne,De Marne,GR,(0595)575500,gemeente@demarne.nl,http://www.demarne.nl,10331,15
Gemeente Winsum,Winsum,GR,(0595)447777,Gemeente@winsum.nl,http://www.winsum.nl,14086,15
Gemeente Zuidhorn,Zuidhorn,GR,(0594)508888,gemeente@zuidhorn.nl,http://www.zuidhorn.nl,18676,17
Gemeente Harlingen,Harlingen,FR,(0517)492222,gemeentebestuur@harlingen.nl,http://www.harlingen.nl,15465,17
Gemeente Uden,Uden,NB,(0413)281911,postbus83@uden.nl,http://www.uden.nl,40595,27
Gemeente Vught,Vught,NB,(073)6580680,gemeente@vught.nl,http://www.vught.nl,25239,21
Gemeente Apeldoorn,Apeldoorn,GLD,14055,gemeente@apeldoorn.nl,http://www.apeldoorn.nl,157306,39
Gemeente Hoogeveen,Hoogeveen,DR,140528,info@hoogeveen.nl,http://www.hoogeveen.nl,54791,31
Gemeente Lingewaard,Lingewaard,GLD,(026)3260111,gemeente@lingewaard.nl,http://www.lingewaard.nl,45787,29
Gemeente Putten,Putten,GLD,(0341)359611,info@putten.nl,http://www.putten.nl,23875,19
Gemeente Oss,Oss,NB,(0412)629911,Gemeente@oss.nl,http://www.oss.nl,84843,37
Gemeente Geertruidenberg,Geertruidenberg,NB,(0162)579579,info@geertruidenberg.nl,http://www.geertruidenberg.nl,20789,19
Gemeente Rheden,Rheden,GLD,(026)4976911,gemeente@rheden.nl,http://www.rheden.nl,43950,27
Gemeente Scherpenzeel,Scherpenzeel,GLD,(033)2772324,info@scherpenzeel.nl,http://www.scherpenzeel.nl,9403,13
Gemeente Nunspeet,Nunspeet,GLD,(0341)259911,gemeente@nunspeet.nl,http://www.nunspeet.nl,26583,21
Gemeente Utrecht,Utrecht,UT,(030)2860000,Gemeente@utrecht.nl,http://www.utrecht.nl,311405,45
Gemeente Tilburg,Tilburg,NB,14013,gemeente@tilburg.nl,http://www.tilburg.nl,204863,44
Gemeente Houten,Houten,UT,(030)6392611,gemeentehuis@houten.nl,http://www.houten.nl,48428,28
Gemeente Soest,Soest,UT,(035)6093411,Postbus2000@soest.nl,http://www.soest.nl,45613,29
Gemeente IJsselstein,IJsselstein,UT,14030,info@ijsselstein.nl,http://www.ijsselstein.nl,34287,23
Gemeente Aalsmeer,Aalsmeer,NH,(0297)387575,info@aalsmeer.nl,http://www.aalsmeer.nl,25020,21
Deelgemeente Rozenburg,Rozenburg,ZH,(0181)488800,inforozenburg@rotterdam.nl,http://www.rotterdam.nl/rozenburg,12680,12
Gemeente Vianen,Vianen,UT,(0347)369911,gemeente@vianen.nl,http://www.vianen.nl,19621,17
Gemeente Leidschendam-Voorburg,Leidschendam-Voorburg,ZH,14070,info@leidschendam-voorburg.nl,http://www.leidschendam-voorburg.nl,72824,35
Deelgemeente Delfshaven,Delfshaven,ZH,(010)4250425,info@delfshaven.rotterdam.nl,http://www.delfshaven.rotterdam.nl,69448,25
Gemeente Alkmaar,Alkmaar,NH,14072,post@alkmaar.nl,http://www.alkmaar.nl,93864,36
Gemeente Haarlem,Haarlem,NH,(023)5113000,antwoord@haarlem.nl,http://www.haarlem.nl,150695,39
Gemeente Purmerend,Purmerend,NH,(0299)452452,info@purmerend.nl,http://www.purmerend.nl,78430,35
Gemeente Velsen,Velsen,NH,(0255)567200,info@velsen.nl,http://www.velsen.nl,67355,33
Gemeente Schermer,Schermer,NH,(072)5037320,gemeente@schermer.nl,http://www.schermer.nl,5501,11
Gemeente Oegstgeest,Oegstgeest,ZH,(071)5191793,info@oegstgeest.nl,http://www.oegstgeest.nl,22367,19
Gemeente Rotterdam,Rotterdam,ZH,14010,post@bsd.rotterdam.nl,http://www.rotterdam.nl,611250,45
Gemeente Oostzaan,Oostzaan,NH,(075)6512100,antwoord@oostzaan.nl,http://www.oostzaan.nl,9205,13
Gemeente Delft,Delft,ZH,14015,,http://www.delft.nl,98673,37
Gemeente Woerden,Woerden,UT,140348,stadhuis@woerden.nl,http://www.woerden.nl,50000,29
Gemeente Leiderdorp,Leiderdorp,ZH,(071)5458500,info@leiderdorp.nl,http://www.leiderdorp.nl,26077,21
Gemeente Zoeterwoude,Zoeterwoude,ZH,(071)5806300,gemeente@zoeterwoude.nl,http://www.zoeterwoude.nl,8075,13
Gemeente Zwijndrecht,Zwijndrecht,ZH,14078,gemeente@zwijndrecht.nl,http://www.zwijndrecht.nl,44400,27
Gemeente Heeze-Leende,Heeze-Leende,NB,(040)2241400,postbus@heeze-leende.nl,http://www.heeze-leende.nl,15235,17
Gemeente Roosendaal,Roosendaal,NB,(0165)579111,info@roosendaal.nl,http://www.roosendaal.nl,77169,36
Gemeente Sint-Michielsgestel,Sint-Michielsgestel,NB,(073)5531111,gemeente@sint-michielsgestel.nl,http://www.sint-michielsgestel.nl,28122,21
Gemeente Maasgouw,Maasgouw,LB,(0475)852500,info@gemeentemaasgouw.nl,http://www.gemeentemaasgouw.nl,24019,19
Gemeente Eijsden-Margraten,Eijsden-Margraten,LB,(043)4588488,info@eijsden-margraten.nl,http://www.eijsden-margraten.nl,25011,19
Gemeente Venray,Venray,LB,(0478)523333,gemeente@venray.nl,http://www.venray.nl,39069,27
Gemeente Valkenburg aan de Geul,Valkenburg aan de Geul,LB,14043,info@valkenburg.nl,http://www.valkenburg.nl,16652,17
Deelgemeente Kralingen - Crooswijk,Kralingen - Crooswijk,ZH,(010)2060808,deelgemeente@kc.rotterdam.nl,http://www.kc.rotterdam.nl,50358,19
Deelgemeente Prins Alexander,Prins Alexander,ZH,(010)2868200,info@prinsalexander.rotterdam.nl,http://www.prinsalexander.rotterdam.nl,87948,25
Stadsdeel Noord,Noord,NH,(020)6349911,post@noord.amsterdam.nl,http://www.noord.amsterdam.nl,87307,19
Stadsdeel Zuidoost,Zuidoost,NH,(020)2525000,info@zuidoost.amsterdam.nl,http://www.zuidoost.amsterdam.nl,78776,28
Stadsdeel West,West,NH,14020,info@west.amsterdam.nl,http://www.west.amsterdam.nl,130000,29
Stadsdeel Oost,Oost,NH,14020,info@oost.amsterdam.nl,http://www.oost.amsterdam.nl,116615,41
Stadsdeel Zuid,Zuid,NH,14020,stadsdeel@zuid.amsterdam.nl,http://www.zuid.amsterdam.nl,132000,19
Stadsdeel Nieuw-West,Nieuw-West,NH,14020,info@nieuwwest.amsterdam.nl,http://www.nieuwwest.amsterdam.nl,135000,40
Gemeente Wassenaar,Wassenaar,ZH,(070)5122222,gemeente@wassenaar.nl,http://www.wassenaar.nl,25552,20
Deelgemeente Overschie,Overschie,ZH,(010)2082222,deelgemeente@overschie.nl,http://www.overschie.nl,15769,0
Deelgemeente Hoogvliet,Hoogvliet,ZH,14010,,http://www.hoogvliet.nl,34720,19
Gemeente Noord-Beveland,Noord-Beveland,ZLD,(0113)377377,info@noord-beveland.nl,http://www.noord-beveland.nl,7522,12
Gemeente Buren,Buren,GLD,140344,gemeente@buren.nl,http://www.buren.nl,26000,21
Gemeente Kerkrade,Kerkrade,LB,14045,gemeentehuis@kerkrade.nl,http://www.kerkrade.nl,47684,29
Gemeente Heerhugowaard,Heerhugowaard,NH,14072,post@heerhugowaard.nl,http://www.heerhugowaard.nl,50475,31
Gemeente 's-Hertogenbosch,'s-Hertogenbosch,NB,(073)6155155,gemeente@s-hertogenbosch.nl,http://www.s-hertogenbosch.nl,135648,39
Gemeente Dordrecht,Dordrecht,ZH,14078,,http://www.dordrecht.nl,118448,39
Gemeente Geldermalsen,Geldermalsen,GLD,(0345)586611,info@geldermalsen.nl,http://www.geldermalsen.nl,26224,21
Deelgemeente Hoek van Holland,Hoek van Holland,ZH,(0174)315151,dghvh@rotterdam.nl,http://www.rotterdam.nl/hoekvanholland,9962,12
Gemeente Uithoorn,Uithoorn,NH,(0297)513111,gemeente@uithoorn.nl,http://www.uithoorn.nl,28396,21
Gemeente Ridderkerk,Ridderkerk,ZH,(0180)451234,info@ridderkerk.nl,http://www.ridderkerk.nl,45297,27
Gemeente Sint-Oedenrode,Sint-Oedenrode,NB,(0413)481911,info@sint-oedenrode.nl,http://www.sint-oedenrode.nl,17910,17
Gemeente Nederlek,Nederlek,ZH,(0180)667777,info@nederlek.nl,http://www.nederlek.nl,14130,15
Gemeente Maasdriel,Maasdriel,GLD,140418,info@maasdriel.nl,http://www.maasdriel.nl,24064,19
Gemeente Brummen,Brummen,GLD,(0575)568233,gemeente@brummen.nl,http://www.brummen.nl,21187,19
Gemeente Weert,Weert,LB,(0495)575000,gemeente@weert.nl,http://www.weert.nl,48676,29
Deelgemeente Charlois,Charlois,ZH,(010)4107410,info@charlois.rotterdam.nl,http://www.charlois.rotterdam.nl,62292,25
Gemeente Bergen NH,Bergen NH,NH,(072)8880000,info@bergen-nh.nl,http://www.bergen-nh.nl,30333,23
Gemeente Meppel,Meppel,DR,(0522)850500,info@meppel.nl,http://www.meppel.nl,32000,23
Gemeente Kaag en Braassem,Kaag en Braassem,ZH,(071)3327272,info@kaagenbraassem.nl,http://www.kaagenbraassem.nl,25762,21
Deelgemeente Rotterdam Centrum,Rotterdam Centrum,ZH,(010)2672259,info@centrum.rotterdam.nl,http://www.rotterdam.nl/deelgemeentecentrum,0,13
Bonaire,,,+ 599 717 8333,info@RijksdienstCN.com,http://www.rijksdienstcn.com/bonaire/bonaire?swords=bonaire,15414,9
Saba,,,+599 416 3934,info@RijksdienstCN.com,http://www.rijksdienstcn.com/saba/saba?swords=saba,2000,5
Sint Eustatius,,,+599 318 3370,info@rijksdienstencn.com,http://www.rijksdienstcn.com/,2886,5
Bestuursdienst Ommen-Hardenberg,Bestuursdienst Ommen-Hardenberg,"","",,"",0,0
